Title,Year,Rated,Released,Runtime,Genre,Director,Writer,Actors,Plot,Language,Country,Awards,Poster,Ratings_0_Source,Ratings_0_Value,imdbRating,imdbVotes,imdbID,Type,DVD,BoxOffice,Path
The Shawshank Redemption,1994,R,14 Oct 1994,142 min,Drama,Frank Darabont,"Stephen King, Frank Darabont","Tim Robbins, Morgan Freeman, Bob Gunton","Two imprisoned men bond over a number of years, finding solace and eventual redemption through acts of common decency.",English,United States,Nominated for 7 Oscars. 21 wins & 43 nominations total,https://m.media-amazon.com/images/M/MV5BMDFkYTc0MGEtZmNhMC00ZDIzLWFmNTEtODM1ZmRlYWMwMWFmXkEyXkFqcGdeQXVyMTMxODk2OTU@._V1_SX300.jpg,Internet Movie Database,9.3/10,9.3,"2,559,562",tt0111161,movie,21 Dec 1999,"$28,767,189",the_shawshank_redemption_1994.mp4
The Godfather,1972,R,24 Mar 1972,175 min,"Crime, Drama",Francis Ford Coppola,"Mario Puzo, Francis Ford Coppola","Marlon Brando, Al Pacino, James Caan",The aging patriarch of an organized crime dynasty in postwar New York City transfers control of his clandestine empire to his reluctant youngest son.,"English, Italian, Latin",United States,Won 3 Oscars. 31 wins & 30 nominations total,https://m.media-amazon.com/images/M/MV5BM2MyNjYxNmUtYTAwNi00MTYxLWJmNWYtYzZlODY3ZTk3OTFlXkEyXkFqcGdeQXVyNzkwMjQ5NzM@._V1_SX300.jpg,Internet Movie Database,9.2/10,9.2,"1,765,414",tt0068646,movie,11 May 2004,"$136,381,073",the_godfather_1972.mp4
The Dark Knight,2008,PG-13,18 Jul 2008,152 min,"Action, Crime, Drama",Christopher Nolan,"Jonathan Nolan, Christopher Nolan, David S. Goyer","Christian Bale, Heath Ledger, Aaron Eckhart","When the menace known as the Joker wreaks havoc and chaos on the people of Gotham, Batman must accept one of the greatest psychological and physical tests of his ability to fight injustice.","English, Mandarin","United States, United Kingdom",Won 2 Oscars. 159 wins & 163 nominations total,https://m.media-amazon.com/images/M/MV5BMTMxNTMwODM0NF5BMl5BanBnXkFtZTcwODAyMTk2Mw@@._V1_SX300.jpg,Internet Movie Database,9.1/10,9.1,"2,528,462",tt0468569,movie,09 Dec 2008,"$534,987,076",the_dark_knight_2008.mp4
The Godfather: Part II,1974,R,18 Dec 1974,202 min,"Crime, Drama",Francis Ford Coppola,"Francis Ford Coppola, Mario Puzo","Al Pacino, Robert De Niro, Robert Duvall","The early life and career of Vito Corleone in 1920s New York City is portrayed, while his son, Michael, expands and tightens his grip on the family crime syndicate.","English, Italian, Spanish, Latin, Sicilian",United States,Won 6 Oscars. 17 wins & 20 nominations total,https://m.media-amazon.com/images/M/MV5BMWMwMGQzZTItY2JlNC00OWZiLWIyMDctNDk2ZDQ2YjRjMWQ0XkEyXkFqcGdeQXVyNzkwMjQ5NzM@._V1_SX300.jpg,Internet Movie Database,9.0/10,9.0,"1,222,153",tt0071562,movie,24 May 2005,"$47,834,595",the_godfather_part_ii_1974.mp4
12 Angry Men,1957,Approved,10 Apr 1957,96 min,"Crime, Drama",Sidney Lumet,Reginald Rose,"Henry Fonda, Lee J. Cobb, Martin Balsam",The jury in a New York City murder trial is frustrated by a single member whose skeptical caution forces them to more carefully consider the evidence before jumping to a hasty verdict.,English,United States,Nominated for 3 Oscars. 17 wins & 13 nominations total,https://m.media-amazon.com/images/M/MV5BMWU4N2FjNzYtNTVkNC00NzQ0LTg0MjAtYTJlMjFhNGUxZDFmXkEyXkFqcGdeQXVyNjc1NTYyMjg@._V1_SX300.jpg,Internet Movie Database,9.0/10,9.0,"756,234",tt0050083,movie,04 Mar 2008,N/A,12_angry_men_1957.mp4
Schindler's List,1993,R,04 Feb 1994,195 min,"Biography, Drama, History",Steven Spielberg,"Thomas Keneally, Steven Zaillian","Liam Neeson, Ralph Fiennes, Ben Kingsley","In German-occupied Poland during World War II, industrialist Oskar Schindler gradually becomes concerned for his Jewish workforce after witnessing their persecution by the Nazis.","English, Hebrew, German, Polish, Latin",United States,Won 7 Oscars. 91 wins & 49 nominations total,https://m.media-amazon.com/images/M/MV5BNDE4OTMxMTctNmRhYy00NWE2LTg3YzItYTk3M2UwOTU5Njg4XkEyXkFqcGdeQXVyNjU0OTQ0OTY@._V1_SX300.jpg,Internet Movie Database,8.9/10,8.9,"1,307,427",tt0108052,movie,12 Feb 2008,"$96,898,818",schindlers_list_1993.mp4
The Lord of the Rings: The Return of the King,2003,PG-13,17 Dec 2003,201 min,"Action, Adventure, Drama",Peter Jackson,"J.R.R. Tolkien, Fran Walsh, Philippa Boyens","Elijah Wood, Viggo Mortensen, Ian McKellen",Gandalf and Aragorn lead the World of Men against Sauron's army to draw his gaze from Frodo and Sam as they approach Mount Doom with the One Ring.,"English, Quenya, Old English, Sindarin","New Zealand, United States",Won 11 Oscars. 209 wins & 124 nominations total,https://m.media-amazon.com/images/M/MV5BNzA5ZDNlZWMtM2NhNS00NDJjLTk4NDItYTRmY2EwMWZlMTY3XkEyXkFqcGdeQXVyNzkwMjQ5NzM@._V1_SX300.jpg,Internet Movie Database,9.0/10,9.0,"1,765,286",tt0167260,movie,25 May 2004,"$378,251,207",lord_of_the_rings_the_return_of_the_king_2003.mp4
Pulp Fiction,1994,R,14 Oct 1994,154 min,"Crime, Drama",Quentin Tarantino,"Quentin Tarantino, Roger Avary","John Travolta, Uma Thurman, Samuel L. Jackson","The lives of two mob hitmen, a boxer, a gangster and his wife, and a pair of diner bandits intertwine in four tales of violence and redemption.","English, Spanish, French",United States,Won 1 Oscar. 70 wins & 75 nominations total,https://m.media-amazon.com/images/M/MV5BNGNhMDIzZTUtNTBlZi00MTRlLWFjM2ItYzViMjE3YzI5MjljXkEyXkFqcGdeQXVyNzkwMjQ5NzM@._V1_SX300.jpg,Internet Movie Database,8.9/10,8.9,"1,969,677",tt0110912,movie,20 Aug 2002,"$107,928,762",pulp_fiction_1994.mp4
The Lord of the Rings: The Fellowship of the Ring,2001,PG-13,19 Dec 2001,178 min,"Action, Adventure, Drama",Peter Jackson,"J.R.R. Tolkien, Fran Walsh, Philippa Boyens","Elijah Wood, Ian McKellen, Orlando Bloom",A meek Hobbit from the Shire and eight companions set out on a journey to destroy the powerful One Ring and save Middle-earth from the Dark Lord Sauron.,"English, Sindarin","New Zealand, United States",Won 4 Oscars. 121 wins & 126 nominations total,https://m.media-amazon.com/images/M/MV5BN2EyZjM3NzUtNWUzMi00MTgxLWI0NTctMzY4M2VlOTdjZWRiXkEyXkFqcGdeQXVyNDUzOTQ5MjY@._V1_SX300.jpg,Internet Movie Database,8.8/10,8.8,"1,786,948",tt0120737,movie,06 Aug 2002,"$316,115,420",the_lord_of_the_rings_the_fellowship_of_the_ring_2001.mp4
"The Good, the Bad and the Ugly",1966,R,29 Dec 1967,178 min,"Adventure, Western",Sergio Leone,"Luciano Vincenzoni, Sergio Leone, Agenore Incrocci","Clint Eastwood, Eli Wallach, Lee Van Cleef",A bounty hunting scam joins two men in an uneasy alliance against a third in a race to find a fortune in gold buried in a remote cemetery.,Italian,"Italy, Spain, West Germany",3 wins & 6 nominations,https://m.media-amazon.com/images/M/MV5BNjJlYmNkZGItM2NhYy00MjlmLTk5NmQtNjg1NmM2ODU4OTMwXkEyXkFqcGdeQXVyMjUzOTY1NTc@._V1_SX300.jpg,Internet Movie Database,8.8/10,8.8,"738,104",tt0060196,movie,07 Nov 2006,"$25,100,000",the_good_the_bad_and_the_ugly_1966.mp4
Forrest Gump,1994,PG-13,06 Jul 1994,142 min,"Drama, Romance",Robert Zemeckis,"Winston Groom, Eric Roth","Tom Hanks, Robin Wright, Gary Sinise","The presidencies of Kennedy and Johnson, the Vietnam War, the Watergate scandal and other historical events unfold from the perspective of an Alabama man with an IQ of 75, whose only desire is to be reunited with his childhood sweeth",English,United States,Won 6 Oscars. 50 wins & 75 nominations total,https://m.media-amazon.com/images/M/MV5BNWIwODRlZTUtY2U3ZS00Yzg1LWJhNzYtMmZiYmEyNmU1NjMzXkEyXkFqcGdeQXVyMTQxNzMzNDI@._V1_SX300.jpg,Internet Movie Database,8.8/10,8.8,"1,979,273",tt0109830,movie,28 Aug 2001,"$330,455,270",forrest_gump_1994.mp4
Fight Club,1999,R,15 Oct 1999,139 min,Drama,David Fincher,"Chuck Palahniuk, Jim Uhls","Brad Pitt, Edward Norton, Meat Loaf",An insomniac office worker and a devil-may-care soap maker form an underground fight club that evolves into much more.,English,"United States, Germany",Nominated for 1 Oscar. 11 wins & 38 nominations total,https://m.media-amazon.com/images/M/MV5BNDIzNDU0YzEtYzE5Ni00ZjlkLTk5ZjgtNjM3NWE4YzA3Nzk3XkEyXkFqcGdeQXVyMjUzOTY1NTc@._V1_SX300.jpg,Internet Movie Database,8.8/10,8.8,"2,014,670",tt0137523,movie,14 Oct 2003,"$37,030,102",fight_club_1999.mp4
Inception,2010,PG-13,16 Jul 2010,148 min,"Action, Adventure, Sci-Fi",Christopher Nolan,Christopher Nolan,"Leonardo DiCaprio, Joseph Gordon-Levitt, Elliot Page","A thief who steals corporate secrets through the use of dream-sharing technology is given the inverse task of planting an idea into the mind of a C.E.O., but his tragic past may doom the project and his team to disaster.","English, Japanese, French","United States, United Kingdom",Won 4 Oscars. 157 wins & 220 nominations total,https://m.media-amazon.com/images/M/MV5BMjAxMzY3NjcxNF5BMl5BanBnXkFtZTcwNTI5OTM0Mw@@._V1_SX300.jpg,Internet Movie Database,8.8/10,8.8,"2,251,332",tt1375666,movie,07 Dec 2010,"$292,587,330",inception_2010.mp4
The Lord of the Rings: The Two Towers,2002,PG-13,18 Dec 2002,179 min,"Action, Adventure, Drama",Peter Jackson,"J.R.R. Tolkien, Fran Walsh, Philippa Boyens","Elijah Wood, Ian McKellen, Viggo Mortensen","While Frodo and Sam edge closer to Mordor with the help of the shifty Gollum, the divided fellowship makes a stand against Sauron's new ally, Saruman, and his hordes of Isengard.","English, Sindarin, Old English","New Zealand, United States",Won 2 Oscars. 126 wins & 138 nominations total,https://m.media-amazon.com/images/M/MV5BZGMxZTdjZmYtMmE2Ni00ZTdkLWI5NTgtNjlmMjBiNzU2MmI5XkEyXkFqcGdeQXVyNjU0OTQ0OTY@._V1_SX300.jpg,Internet Movie Database,8.7/10,8.7,"1,594,949",tt0167261,movie,26 Aug 2003,"$342,952,511",the_lord_of_the_rings_the_two_towers_2002.mp4
Star Wars: Episode V - The Empire Strikes Back,1980,PG,20 Jun 1980,124 min,"Action, Adventure, Fantasy",Irvin Kershner,"Leigh Brackett, Lawrence Kasdan, George Lucas","Mark Hamill, Harrison Ford, Carrie Fisher","After the Rebels are brutally overpowered by the Empire on the ice planet Hoth, Luke Skywalker begins Jedi training with Yoda, while his friends are pursued across the galaxy by Darth Vader and bounty hunter Boba Fett.",English,United States,Won 2 Oscars. 25 wins & 20 nominations total,https://m.media-amazon.com/images/M/MV5BYmU1NDRjNDgtMzhiMi00NjZmLTg5NGItZDNiZjU5NTU4OTE0XkEyXkFqcGdeQXVyNzkwMjQ5NzM@._V1_SX300.jpg,Internet Movie Database,8.7/10,8.7,"1,241,399",tt0080684,movie,21 Sep 2004,"$292,753,960",star_wars_the_empire_strikes_back_1980.mp4
The Matrix,1999,R,31 Mar 1999,136 min,"Action, Sci-Fi","Lana Wachowski, Lilly Wachowski","Lilly Wachowski, Lana Wachowski","Keanu Reeves, Laurence Fishburne, Carrie-Anne Moss","When a beautiful stranger leads computer hacker Neo to a forbidding underworld, he discovers the shocking truth--the life he knows is the elaborate deception of an evil cyber-intelligence.",English,"United States, Australia",Won 4 Oscars. 42 wins & 51 nominations total,https://m.media-amazon.com/images/M/MV5BNzQzOTk3OTAtNDQ0Zi00ZTVkLWI0MTEtMDllZjNkYzNjNTc4L2ltYWdlXkEyXkFqcGdeQXVyNjU0OTQ0OTY@._V1_SX300.jpg,Internet Movie Database,8.7/10,8.7,"1,844,289",tt0133093,movie,15 May 2007,"$172,076,928",the_matrix_1999.mp4
Goodfellas,1990,R,21 Sep 1990,145 min,"Biography, Crime, Drama",Martin Scorsese,"Nicholas Pileggi, Martin Scorsese","Robert De Niro, Ray Liotta, Joe Pesci","The story of Henry Hill and his life in the mob, covering his relationship with his wife Karen Hill and his mob partners Jimmy Conway and Tommy DeVito in the Italian-American crime syndicate.","English, Italian",United States,Won 1 Oscar. 44 wins & 38 nominations total,https://m.media-amazon.com/images/M/MV5BY2NkZjEzMDgtN2RjYy00YzM1LWI4ZmQtMjIwYjFjNmI3ZGEwXkEyXkFqcGdeQXVyNzkwMjQ5NzM@._V1_SX300.jpg,Internet Movie Database,8.7/10,8.7,"1,107,104",tt0099685,movie,22 Aug 1997,"$46,909,721",goodfellas_1990.mp4
One Flew Over the Cuckoo's Nest,1975,R,19 Nov 1975,133 min,Drama,Milos Forman,"Lawrence Hauben, Bo Goldman, Ken Kesey","Jack Nicholson, Louise Fletcher, Michael Berryman","A criminal pleads insanity and is admitted to a mental institution, where he rebels against the oppressive nurse and rallies up the scared patients.",English,United States,Won 5 Oscars. 38 wins & 16 nominations total,https://m.media-amazon.com/images/M/MV5BZjA0OWVhOTAtYWQxNi00YzNhLWI4ZjYtNjFjZTEyYjJlNDVlL2ltYWdlL2ltYWdlXkEyXkFqcGdeQXVyMTQxNzMzNDI@._V1_SX300.jpg,Internet Movie Database,8.7/10,8.7,"976,526",tt0073486,movie,16 Dec 1997,"$108,981,275",one_flew_over_the_cuckoos_nest_1975.mp4
Se7en,1995,R,22 Sep 1995,127 min,"Crime, Drama, Mystery",David Fincher,Andrew Kevin Walker,"Morgan Freeman, Brad Pitt, Kevin Spacey","Two detectives, a rookie and a veteran, hunt a serial killer who uses the seven deadly sins as his motives.",English,United States,Nominated for 1 Oscar. 29 wins & 43 nominations total,https://m.media-amazon.com/images/M/MV5BOTUwODM5MTctZjczMi00OTk4LTg3NWUtNmVhMTAzNTNjYjcyXkEyXkFqcGdeQXVyNjU0OTQ0OTY@._V1_SX300.jpg,Internet Movie Database,8.6/10,8.6,"1,569,658",tt0114369,movie,19 Dec 2000,"$100,125,643",se7en_1995.mp4
Seven Samurai,1954,Not Rated,19 Nov 1956,207 min,"Action, Drama",Akira Kurosawa,"Akira Kurosawa, Shinobu Hashimoto, Hideo Oguni","Toshirô Mifune, Takashi Shimura, Keiko Tsushima",A poor village under attack by bandits recruits seven unemployed samurai to help them defend themselves.,Japanese,Japan,Nominated for 2 Oscars. 5 wins & 8 nominations total,https://m.media-amazon.com/images/M/MV5BOWE4ZDdhNmMtNzE5ZC00NzExLTlhNGMtY2ZhYjYzODEzODA1XkEyXkFqcGdeQXVyNTAyODkwOQ@@._V1_SX300.jpg,Internet Movie Database,8.6/10,8.6,"337,182",tt0047478,movie,05 Sep 2006,"$318,649",seven_samurai_1954.mp4
It's a Wonderful Life,1946,PG,07 Jan 1947,130 min,"Drama, Family, Fantasy",Frank Capra,"Frances Goodrich, Albert Hackett, Frank Capra","James Stewart, Donna Reed, Lionel Barrymore",An angel is sent from Heaven to help a desperately frustrated businessman by showing him what life would have been like if he had never existed.,"English, French",United States,Nominated for 5 Oscars. 6 wins & 6 nominations total,https://m.media-amazon.com/images/M/MV5BZjc4NDZhZWMtNGEzYS00ZWU2LThlM2ItNTA0YzQ0OTExMTE2XkEyXkFqcGdeQXVyNjUwMzI2NzU@._V1_SX300.jpg,Internet Movie Database,8.7/10,8.7,"442,236",tt0038650,movie,13 Jul 2004,"$44,000",its_a_wonderful_life.mp4
The Silence of the Lambs,1991,R,14 Feb 1991,118 min,"Crime, Drama, Thriller",Jonathan Demme,"Thomas Harris, Ted Tally","Jodie Foster, Anthony Hopkins, Lawrence A. Bonney","A young F.B.I. cadet must receive the help of an incarcerated and manipulative cannibal killer to help catch another serial killer, a madman who skins his victims.","English, Latin",United States,Won 5 Oscars. 69 wins & 51 nominations total,https://m.media-amazon.com/images/M/MV5BNjNhZTk0ZmEtNjJhMi00YzFlLWE1MmEtYzM1M2ZmMGMwMTU4XkEyXkFqcGdeQXVyNjU0OTQ0OTY@._V1_SX300.jpg,Internet Movie Database,8.6/10,8.6,"1,376,039",tt0102926,movie,21 Aug 2001,"$130,742,922",the_silence_of_the_lambs_1991.mp4
Saving Private Ryan,1998,R,24 Jul 1998,169 min,"Drama, War",Steven Spielberg,Robert Rodat,"Tom Hanks, Matt Damon, Tom Sizemore","Following the Normandy Landings, a group of U.S. soldiers go behind enemy lines to retrieve a paratrooper whose brothers have been killed in action.","English, French, German, Czech",United States,Won 5 Oscars. 79 wins & 75 nominations total,https://m.media-amazon.com/images/M/MV5BZjhkMDM4MWItZTVjOC00ZDRhLThmYTAtM2I5NzBmNmNlMzI1XkEyXkFqcGdeQXVyNDYyMDk5MTU@._V1_SX300.jpg,Internet Movie Database,8.6/10,8.6,"1,336,615",tt0120815,movie,25 May 2004,"$217,049,603",saving_private_ryan_1998.mp4
City of God,2002,R,13 Feb 2004,130 min,"Crime, Drama","Fernando Meirelles, Kátia Lund","Paulo Lins, Bráulio Mantovani","Alexandre Rodrigues, Leandro Firmino, Matheus Nachtergaele","In the slums of Rio, two kids' paths diverge as one struggles to become a photographer and the other a kingpin.",Portuguese,"Brazil, France, Germany",Nominated for 4 Oscars. 74 wins & 50 nominations total,https://m.media-amazon.com/images/M/MV5BOTMwYjc5ZmItYTFjZC00ZGQ3LTlkNTMtMjZiNTZlMWQzNzI5XkEyXkFqcGdeQXVyNzkwMjQ5NzM@._V1_SX300.jpg,Internet Movie Database,8.6/10,8.6,"737,735",tt0317248,movie,08 Jun 2004,"$7,564,459",city_of_god_2002.mp4
Life Is Beautiful,1997,PG-13,20 Dec 1997,116 min,"Comedy, Drama, Romance",Roberto Benigni,"Vincenzo Cerami, Roberto Benigni","Roberto Benigni, Nicoletta Braschi, Giorgio Cantarini","When an open-minded Jewish waiter and his son become victims of the Holocaust, he uses a perfect mixture of will, humor, and imagination to protect his son from the dangers around their camp.","Italian, German, English",Italy,Won 3 Oscars. 72 wins & 52 nominations total,https://m.media-amazon.com/images/M/MV5BYmJmM2Q4NmMtYThmNC00ZjRlLWEyZmItZTIwOTBlZDQ3NTQ1XkEyXkFqcGdeQXVyMTQxNzMzNDI@._V1_SX300.jpg,Internet Movie Database,8.6/10,8.6,"671,266",tt0118799,movie,09 Nov 1999,"$57,563,264",life_is_beautiful_1997.mp4
The Green Mile,1999,R,10 Dec 1999,189 min,"Crime, Drama, Fantasy",Frank Darabont,"Stephen King, Frank Darabont","Tom Hanks, Michael Clarke Duncan, David Morse","The lives of guards on Death Row are affected by one of their charges: a black man accused of child murder and rape, yet who has a mysterious gift.","English, French",United States,Nominated for 4 Oscars. 15 wins & 37 nominations total,https://m.media-amazon.com/images/M/MV5BMTUxMzQyNjA5MF5BMl5BanBnXkFtZTYwOTU2NTY3._V1_SX300.jpg,Internet Movie Database,8.6/10,8.6,"1,247,542",tt0120689,movie,13 Jun 2000,"$136,801,374",the_green_mile_1999.mp4
Star Wars,1977,PG,25 May 1977,121 min,"Action, Adventure, Fantasy",George Lucas,George Lucas,"Mark Hamill, Harrison Ford, Carrie Fisher","Luke Skywalker joins forces with a Jedi Knight, a cocky pilot, a Wookiee and two droids to save the galaxy from the Empire's world-destroying battle station, while also attempting to rescue Princess Leia from the mysterious Darth Vad",English,United States,Won 7 Oscars. 63 wins & 29 nominations total,https://m.media-amazon.com/images/M/MV5BNzVlY2MwMjktM2E4OS00Y2Y3LWE3ZjctYzhkZGM3YzA1ZWM2XkEyXkFqcGdeQXVyNzkwMjQ5NzM@._V1_SX300.jpg,Internet Movie Database,8.6/10,8.6,"1,312,386",tt0076759,movie,06 Dec 2005,"$460,998,507",star_wars_a_new_hope_1977.mp4
Interstellar,2014,PG-13,07 Nov 2014,169 min,"Adventure, Drama, Sci-Fi",Christopher Nolan,"Jonathan Nolan, Christopher Nolan","Matthew McConaughey, Anne Hathaway, Jessica Chastain",A team of explorers travel through a wormhole in space in an attempt to ensure humanity's survival.,English,"United States, United Kingdom, Canada",Won 1 Oscar. 44 wins & 148 nominations total,https://m.media-amazon.com/images/M/MV5BZjdkOTU3MDktN2IxOS00OGEyLWFmMjktY2FiMmZkNWIyODZiXkEyXkFqcGdeQXVyMTMxODk2OTU@._V1_SX300.jpg,Internet Movie Database,8.7/10,8.7,"1,708,996",tt0816692,movie,31 Mar 2015,"$188,020,017",interstellar_2014.mp4
Terminator 2: Judgment Day,1991,R,03 Jul 1991,137 min,"Action, Sci-Fi",James Cameron,"James Cameron, William Wisher","Arnold Schwarzenegger, Linda Hamilton, Edward Furlong","A cyborg, identical to the one who failed to kill Sarah Connor, must now protect her ten-year-old son John from a more advanced and powerful cyborg.","English, Spanish",United States,Won 4 Oscars. 36 wins & 33 nominations total,https://m.media-amazon.com/images/M/MV5BMGU2NzRmZjUtOGUxYS00ZjdjLWEwZWItY2NlM2JhNjkxNTFmXkEyXkFqcGdeQXVyNjU0OTQ0OTY@._V1_SX300.jpg,Internet Movie Database,8.6/10,8.6,"1,061,594",tt0103064,movie,13 Feb 2007,"$205,881,154",terminator_2_judgment_day_1991.mp4
Back to the Future,1985,PG,03 Jul 1985,116 min,"Adventure, Comedy, Sci-Fi",Robert Zemeckis,"Robert Zemeckis, Bob Gale","Michael J. Fox, Christopher Lloyd, Lea Thompson","Marty McFly, a 17-year-old high school student, is accidentally sent thirty years into the past in a time-traveling DeLorean invented by his close friend, the eccentric scientist Doc Brown.",English,United States,Won 1 Oscar. 22 wins & 25 nominations total,https://m.media-amazon.com/images/M/MV5BZmU0M2Y1OGUtZjIxNi00ZjBkLTg1MjgtOWIyNThiZWIwYjRiXkEyXkFqcGdeQXVyMTQxNzMzNDI@._V1_SX300.jpg,Internet Movie Database,8.6/10,8.6,"1,151,512",tt0088763,movie,17 Aug 2010,"$212,836,762",back_to_the_future_1985.mp4
Spirited Away,2001,PG,28 Mar 2003,125 min,"Animation, Adventure, Family",Hayao Miyazaki,Hayao Miyazaki,"Daveigh Chase, Suzanne Pleshette, Miyu Irino","During her family's move to the suburbs, a sullen 10-year-old girl wanders into a world ruled by gods, witches, and spirits, and where humans are changed into beasts.","Japanese, English",Japan,Won 1 Oscar. 58 wins & 31 nominations total,https://m.media-amazon.com/images/M/MV5BMjlmZmI5MDctNDE2YS00YWE0LWE5ZWItZDBhYWQ0NTcxNWRhXkEyXkFqcGdeQXVyMTMxODk2OTU@._V1_SX300.jpg,Internet Movie Database,8.6/10,8.6,"724,763",tt0245429,movie,15 Apr 2003,"$13,750,644",spirited_away_2001.mp4
Psycho,1960,R,08 Sep 1960,109 min,"Horror, Mystery, Thriller",Alfred Hitchcock,"Joseph Stefano, Robert Bloch","Anthony Perkins, Janet Leigh, Vera Miles","A Phoenix secretary embezzles $40,000 from her employer's client, goes on the run, and checks into a remote motel run by a young man under the domination of his mother.",English,United States,Nominated for 4 Oscars. 7 wins & 14 nominations total,https://m.media-amazon.com/images/M/MV5BNTQwNDM1YzItNDAxZC00NWY2LTk0M2UtNDIwNWI5OGUyNWUxXkEyXkFqcGdeQXVyNzkwMjQ5NzM@._V1_SX300.jpg,Internet Movie Database,8.5/10,8.5,"649,146",tt0054215,movie,04 Oct 2005,"$32,000,000",psycho_1960.mp4
The Pianist,2002,R,28 Mar 2003,150 min,"Biography, Drama, Music",Roman Polanski,"Ronald Harwood, Wladyslaw Szpilman","Adrien Brody, Thomas Kretschmann, Frank Finlay",A Polish Jewish musician struggles to survive the destruction of the Warsaw ghetto of World War II.,"English, German, Russian","France, Germany, Poland, United Kingdom",Won 3 Oscars. 57 wins & 74 nominations total,https://m.media-amazon.com/images/M/MV5BOWRiZDIxZjktMTA1NC00MDQ2LWEzMjUtMTliZmY3NjQ3ODJiXkEyXkFqcGdeQXVyNjU0OTQ0OTY@._V1_SX300.jpg,Internet Movie Database,8.6/10,8.6,"797,804",tt0253474,movie,27 May 2003,"$32,572,577",the_pianist_2002.mp4
Léon: The Professional,1994,R,18 Nov 1994,110 min,"Action, Crime, Drama",Luc Besson,Luc Besson,"Jean Reno, Gary Oldman, Natalie Portman","12-year-old Mathilda is reluctantly taken in by Léon, a professional assassin, after her family is murdered. An unusual relationship forms as she becomes his protégée and learns the assassin's trade.","English, Italian, French","France, United States",6 wins & 15 nominations,https://m.media-amazon.com/images/M/MV5BODllNWE0MmEtYjUwZi00ZjY3LThmNmQtZjZlMjI2YTZjYmQ0XkEyXkFqcGdeQXVyNTc1NTQxODI@._V1_SX300.jpg,Internet Movie Database,8.6/10,8.6,"1,118,859",tt0110413,movie,24 Feb 1998,"$19,501,238",leon_the_professional_1994.mp4
Parasite,2019,R,08 Nov 2019,132 min,"Comedy, Drama, Thriller",Bong Joon Ho,"Bong Joon Ho, Han Jin-won","Kang-ho Song, Sun-kyun Lee, Yeo-jeong Cho",Greed and class discrimination threaten the newly formed symbiotic relationship between the wealthy Park family and the destitute Kim clan.,"Korean, English",South Korea,Won 4 Oscars. 308 wins & 271 nominations total,https://m.media-amazon.com/images/M/MV5BYWZjMjk3ZTItODQ2ZC00NTY5LWE0ZDYtZTI3MjcwN2Q5NTVkXkEyXkFqcGdeQXVyODk4OTc3MTY@._V1_SX300.jpg,Internet Movie Database,8.5/10,8.5,"727,949",tt6751668,movie,11 Oct 2019,"$53,369,749",parasite_2019.mp4
The Lion King,1994,G,24 Jun 1994,88 min,"Animation, Adventure, Drama","Roger Allers, Rob Minkoff","Irene Mecchi, Jonathan Roberts, Linda Woolverton","Matthew Broderick, Jeremy Irons, James Earl Jones","Lion prince Simba and his father are targeted by his bitter uncle, who wants to ascend the throne himself.","English, Swahili, Xhosa, Zulu",United States,Won 2 Oscars. 39 wins & 35 nominations total,https://m.media-amazon.com/images/M/MV5BYTYxNGMyZTYtMjE3MS00MzNjLWFjNmYtMDk3N2FmM2JiM2M1XkEyXkFqcGdeQXVyNjY5NDU4NzI@._V1_SX300.jpg,Internet Movie Database,8.5/10,8.5,"1,014,686",tt0110357,movie,04 Oct 2011,"$422,783,777",the_lion_king_1994.mp4
Gladiator,2000,R,05 May 2000,155 min,"Action, Adventure, Drama",Ridley Scott,"David Franzoni, John Logan, William Nicholson","Russell Crowe, Joaquin Phoenix, Connie Nielsen",A former Roman General sets out to exact vengeance against the corrupt emperor who murdered his family and sent him into slavery.,English,"United States, United Kingdom, Malta, Morocco",Won 5 Oscars. 59 wins & 106 nominations total,https://m.media-amazon.com/images/M/MV5BMDliMmNhNDEtODUyOS00MjNlLTgxODEtN2U3NzIxMGVkZTA1L2ltYWdlXkEyXkFqcGdeQXVyNjU0OTQ0OTY@._V1_SX300.jpg,Internet Movie Database,8.5/10,8.5,"1,443,934",tt0172495,movie,26 Sep 2000,"$187,705,427",gladiator_2000.mp4
American History X,1998,R,20 Nov 1998,119 min,Drama,Tony Kaye,David McKenna,"Edward Norton, Edward Furlong, Beverly D'Angelo",A former neo-nazi skinhead tries to prevent his younger brother from going down the same wrong path that he did.,English,United States,Nominated for 1 Oscar. 4 wins & 15 nominations total,https://m.media-amazon.com/images/M/MV5BZTJhN2FkYWEtMGI0My00YWM4LWI2MjAtM2UwNjY4MTI2ZTQyXkEyXkFqcGdeQXVyNjc3MjQzNTI@._V1_SX300.jpg,Internet Movie Database,8.5/10,8.5,"1,089,660",tt0120586,movie,05 Apr 2005,"$6,719,864",american_history_x_1998.mp4
The Usual Suspects,1995,R,16 Aug 1995,106 min,"Crime, Drama, Mystery",Bryan Singer,Christopher McQuarrie,"Kevin Spacey, Gabriel Byrne, Chazz Palminteri","A sole survivor tells of the twisty events leading up to a horrific gun battle on a boat, which began when five criminals met at a seemingly random police lineup.","English, Hungarian, Spanish, French","United States, Germany",Won 2 Oscars. 37 wins & 17 nominations total,https://m.media-amazon.com/images/M/MV5BYTViNjMyNmUtNDFkNC00ZDRlLThmMDUtZDU2YWE4NGI2ZjVmXkEyXkFqcGdeQXVyNjU0OTQ0OTY@._V1_SX300.jpg,Internet Movie Database,8.5/10,8.5,"1,055,417",tt0114814,movie,02 Sep 2003,"$23,341,568",the_usual_suspects_1995.mp4
The Departed,2006,R,06 Oct 2006,151 min,"Crime, Drama, Thriller",Martin Scorsese,"William Monahan, Alan Mak, Felix Chong","Leonardo DiCaprio, Matt Damon, Jack Nicholson",An undercover cop and a mole in the police attempt to identify each other while infiltrating an Irish gang in South Boston.,"English, Cantonese","United States, Hong Kong",Won 4 Oscars. 97 wins & 141 nominations total,https://m.media-amazon.com/images/M/MV5BMTI1MTY2OTIxNV5BMl5BanBnXkFtZTYwNjQ4NjY3._V1_SX300.jpg,Internet Movie Database,8.5/10,8.5,"1,275,445",tt0407887,movie,13 Feb 2007,"$132,399,394",the_departed_2006.mp4
The Prestige,2006,PG-13,20 Oct 2006,130 min,"Drama, Mystery, Thriller",Christopher Nolan,"Jonathan Nolan, Christopher Nolan, Christopher Priest","Christian Bale, Hugh Jackman, Scarlett Johansson","After a tragic accident, two stage magicians in 1890s London engage in a battle to create the ultimate illusion while sacrificing everything they have to outwit each other.",English,"United States, United Kingdom",Nominated for 2 Oscars. 6 wins & 45 nominations total,https://m.media-amazon.com/images/M/MV5BMjA4NDI0MTIxNF5BMl5BanBnXkFtZTYwNTM0MzY2._V1_SX300.jpg,Internet Movie Database,8.5/10,8.5,"1,283,065",tt0482571,movie,13 Feb 2007,"$53,089,891",the_prestige_2006.mp4
Casablanca,1942,PG,23 Jan 1943,102 min,"Drama, Romance, War",Michael Curtiz,"Julius J. Epstein, Philip G. Epstein, Howard Koch","Humphrey Bogart, Ingrid Bergman, Paul Henreid",A cynical expatriate American cafe owner struggles to decide whether or not to help his former lover and her fugitive husband escape the Nazis in French Morocco.,"English, French, German, Italian",United States,Won 3 Oscars. 10 wins & 9 nominations total,https://m.media-amazon.com/images/M/MV5BY2IzZGY2YmEtYzljNS00NTM5LTgwMzUtMzM1NjQ4NGI0OTk0XkEyXkFqcGdeQXVyNDYyMDk5MTU@._V1_SX300.jpg,Internet Movie Database,8.5/10,8.5,"555,904",tt0034583,movie,17 Nov 1998,"$4,219,709",casablanca_1942.mp4
Whiplash,2014,R,15 Oct 2014,106 min,"Drama, Music",Damien Chazelle,Damien Chazelle,"Miles Teller, J.K. Simmons, Melissa Benoist",A promising young drummer enrolls at a cut-throat music conservatory where his dreams of greatness are mentored by an instructor who will stop at nothing to realize a student's potential.,English,United States,Won 3 Oscars. 98 wins & 145 nominations total,https://m.media-amazon.com/images/M/MV5BOTA5NDZlZGUtMjAxOS00YTRkLTkwYmMtYWQ0NWEwZDZiNjEzXkEyXkFqcGdeQXVyMTMxODk2OTU@._V1_SX300.jpg,Internet Movie Database,8.5/10,8.5,"800,184",tt2582802,movie,02 Dec 2014,"$13,092,000",whiplash_2014.mp4
The Intouchables,2011,R,02 Nov 2011,112 min,"Biography, Comedy, Drama","Olivier Nakache, Éric Toledano","Olivier Nakache, Philippe Pozzo di Borgo, Éric Toledano","François Cluzet, Omar Sy, Anne Le Ny","After he becomes a quadriplegic from a paragliding accident, an aristocrat hires a young man from the projects to be his caregiver.","French, English",France,Nominated for 1 BAFTA Film Award38 wins & 40 nominations total,https://m.media-amazon.com/images/M/MV5BMTYxNDA3MDQwNl5BMl5BanBnXkFtZTcwNTU4Mzc1Nw@@._V1_SX300.jpg,Internet Movie Database,8.5/10,8.5,"825,602",tt1675434,movie,15 Jan 2013,"$10,198,820",the_intouchables_2011.mp4
Modern Times,1936,G,25 Feb 1936,87 min,"Comedy, Drama, Romance",Charles Chaplin,Charles Chaplin,"Charles Chaplin, Paulette Goddard, Henry Bergman",The Tramp struggles to live in modern industrial society with the help of a young homeless woman.,English,United States,4 wins & 1 nomination,https://m.media-amazon.com/images/M/MV5BYjJiZjMzYzktNjU0NS00OTkxLWEwYzItYzdhYWJjN2QzMTRlL2ltYWdlL2ltYWdlXkEyXkFqcGdeQXVyNjU0OTQ0OTY@._V1_SX300.jpg,Internet Movie Database,8.5/10,8.5,"235,858",tt0027977,movie,16 Nov 2010,"$163,577",modern_times_1936.mp4
Once Upon a Time in the West,1968,PG-13,04 Jul 1969,165 min,Western,Sergio Leone,"Sergio Donati, Sergio Leone, Dario Argento","Henry Fonda, Charles Bronson, Claudia Cardinale",A mysterious stranger with a harmonica joins forces with a notorious desperado to protect a beautiful widow from a ruthless assassin working for the railroad.,"Italian, English, Spanish","Italy, United States",4 wins & 5 nominations,https://m.media-amazon.com/images/M/MV5BZGI5MjBmYzYtMzJhZi00NGI1LTk3MzItYjBjMzcxM2U3MDdiXkEyXkFqcGdeQXVyNzkwMjQ5NzM@._V1_SX300.jpg,Internet Movie Database,8.5/10,8.5,"321,833",tt0064116,movie,18 Nov 2003,"$5,321,508",once_upon_a_time_in_the_west_1968.mp4
Hara-Kiri,1962,Not Rated,04 Aug 1964,133 min,"Action, Drama, Mystery",Masaki Kobayashi,"Yasuhiko Takiguchi, Shinobu Hashimoto","Tatsuya Nakadai, Akira Ishihama, Shima Iwashita","When a ronin requesting seppuku at a feudal lord's palace is told of the brutal suicide of another ronin who previously visited, he reveals how their pasts are intertwined - and in doing so challenges the clan's integrity.",Japanese,Japan,9 wins & 3 nominations,https://m.media-amazon.com/images/M/MV5BYjBmYTQ1NjItZWU5MS00YjI0LTg2OTYtYmFkN2JkMmNiNWVkXkEyXkFqcGdeQXVyMTMxMTY0OTQ@._V1_SX300.jpg,Internet Movie Database,8.6/10,8.6,"53,073",tt0056058,movie,N/A,N/A,hara_kiri_1962.mp4
Grave of the Fireflies,1988,Not Rated,26 Jul 1989,89 min,"Animation, Drama, War",Isao Takahata,"Akiyuki Nosaka, Isao Takahata","Tsutomu Tatsumi, Ayano Shiraishi, Akemi Yamaguchi",A young boy and his little sister struggle to survive in Japan during World War II.,Japanese,Japan,3 wins,https://m.media-amazon.com/images/M/MV5BZmY2NjUzNDQtNTgxNC00M2Q4LTljOWQtMjNjNDBjNWUxNmJlXkEyXkFqcGdeQXVyNTA4NzY1MzY@._V1_SX300.jpg,Internet Movie Database,8.5/10,8.5,"263,474",tt0095327,movie,11 Mar 2017,"$516,962",grave_of_the_fireflies_1988.mp4
Alien,1979,R,22 Jun 1979,117 min,"Horror, Sci-Fi",Ridley Scott,"Dan O'Bannon, Ronald Shusett","Sigourney Weaver, Tom Skerritt, John Hurt",The crew of a commercial spacecraft encounter a deadly lifeform after investigating an unknown transmission.,English,"United Kingdom, United States",Won 1 Oscar. 18 wins & 22 nominations total,https://m.media-amazon.com/images/M/MV5BMmQ2MmU3NzktZjAxOC00ZDZhLTk4YzEtMDMyMzcxY2IwMDAyXkEyXkFqcGdeQXVyNzkwMjQ5NzM@._V1_SX300.jpg,Internet Movie Database,8.5/10,8.5,"848,173",tt0078748,movie,01 Jun 1999,"$81,900,459",alien_1979.mp4
Rear Window,1954,PG,01 Sep 1954,112 min,"Mystery, Thriller",Alfred Hitchcock,"John Michael Hayes, Cornell Woolrich","James Stewart, Grace Kelly, Wendell Corey","A wheelchair-bound photographer spies on his neighbors from his Greenwich Village courtyard apartment window, and becomes convinced one of them has committed murder, despite the skepticism of his fashion-model girlfriend.",English,United States,Nominated for 4 Oscars. 6 wins & 13 nominations total,https://m.media-amazon.com/images/M/MV5BNGUxYWM3M2MtMGM3Mi00ZmRiLWE0NGQtZjE5ODI2OTJhNTU0XkEyXkFqcGdeQXVyMTQxNzMzNDI@._V1_SX300.jpg,Internet Movie Database,8.5/10,8.5,"477,246",tt0047396,movie,07 Sep 2004,"$36,764,313",rear_window_1954.mp4
City Lights,1931,G,07 Mar 1931,87 min,"Comedy, Drama, Romance",Charles Chaplin,"Charles Chaplin, Harry Carr, Harry Crocker","Charles Chaplin, Virginia Cherrill, Florence Lee","With the aid of a wealthy erratic tippler, a dewy-eyed tramp who has fallen in love with a sightless flower girl accumulates money to be able to help her medically.","None, English",United States,3 wins & 1 nomination,https://m.media-amazon.com/images/M/MV5BY2I4MmM1N2EtM2YzOS00OWUzLTkzYzctNDc5NDg2N2IyODJmXkEyXkFqcGdeQXVyNzkwMjQ5NzM@._V1_SX300.jpg,Internet Movie Database,8.5/10,8.5,"180,416",tt0021749,movie,23 Feb 2010,"$19,181",city_lights_1931.mp4
Memento,2000,R,25 May 2001,113 min,"Mystery, Thriller",Christopher Nolan,"Christopher Nolan, Jonathan Nolan","Guy Pearce, Carrie-Anne Moss, Joe Pantoliano",A man with short-term memory loss attempts to track down his wife's murderer.,English,United States,Nominated for 2 Oscars. 57 wins & 59 nominations total,https://m.media-amazon.com/images/M/MV5BZTcyNjk1MjgtOWI3Mi00YzQwLWI5MTktMzY4ZmI2NDAyNzYzXkEyXkFqcGdeQXVyNjU0OTQ0OTY@._V1_SX300.jpg,Internet Movie Database,8.5/10,8.5,"1,200,396",tt0209144,movie,04 Sep 2001,"$25,544,867",memento_2000.mp4
Cinema Paradiso,1988,PG,23 Feb 1990,155 min,"Drama, Romance",Giuseppe Tornatore,"Giuseppe Tornatore, Vanna Paoli","Philippe Noiret, Enzo Cannavale, Antonella Attili",A filmmaker recalls his childhood when falling in love with the pictures at the cinema of his home village and forms a deep friendship with the cinema's projectionist.,Italian,"Italy, France",Won 1 Oscar. 25 wins & 32 nominations total,https://m.media-amazon.com/images/M/MV5BM2FhYjEyYmYtMDI1Yy00YTdlLWI2NWQtYmEzNzAxOGY1NjY2XkEyXkFqcGdeQXVyNTA3NTIyNDg@._V1_SX300.jpg,Internet Movie Database,8.5/10,8.5,"252,468",tt0095765,movie,10 Jan 2006,"$12,397,210",cinema_paradiso_1988.mp4
Apocalypse Now,1979,R,15 Aug 1979,147 min,"Drama, Mystery, War",Francis Ford Coppola,"John Milius, Francis Ford Coppola, Michael Herr","Martin Sheen, Marlon Brando, Robert Duvall",A U.S. Army officer serving in Vietnam is tasked with assassinating a renegade Special Forces Colonel who sees himself as a god.,"English, French, Vietnamese",United States,Won 2 Oscars. 21 wins & 33 nominations total,https://m.media-amazon.com/images/M/MV5BMDdhODg0MjYtYzBiOS00ZmI5LWEwZGYtZDEyNDU4MmQyNzFkXkEyXkFqcGdeQXVyNzkwMjQ5NzM@._V1_SX300.jpg,Internet Movie Database,8.5/10,8.5,"646,847",tt0078788,movie,18 May 2010,"$83,471,511",apocalypse_now_1979.mp4
Indiana Jones and the Raiders of the Lost Ark,1981,PG,12 Jun 1981,115 min,"Action, Adventure",Steven Spielberg,"Lawrence Kasdan, George Lucas, Philip Kaufman","Harrison Ford, Karen Allen, Paul Freeman","In 1936, archaeologist and adventurer Indiana Jones is hired by the U.S. government to find the Ark of the Covenant before Adolf Hitler's Nazis can obtain its awesome powers.","English, German, Hebrew, Spanish, Arabic, Nepali",United States,Won 5 Oscars. 37 wins & 24 nominations total,https://m.media-amazon.com/images/M/MV5BMjA0ODEzMTc1Nl5BMl5BanBnXkFtZTcwODM2MjAxNA@@._V1_SX300.jpg,Internet Movie Database,8.4/10,8.4,"938,565",tt0082971,movie,13 May 2008,"$248,159,971",indiana_jones_and_the_riders_of_the_lost_ark_1981.mp4
Django Unchained,2012,R,25 Dec 2012,165 min,"Drama, Western",Quentin Tarantino,Quentin Tarantino,"Jamie Foxx, Christoph Waltz, Leonardo DiCaprio","With the help of a German bounty-hunter, a freed slave sets out to rescue his wife from a brutal plantation-owner in Mississippi.","English, German, French, Italian",United States,Won 2 Oscars. 58 wins & 158 nominations total,https://m.media-amazon.com/images/M/MV5BMjIyNTQ5NjQ1OV5BMl5BanBnXkFtZTcwODg1MDU4OA@@._V1_SX300.jpg,Internet Movie Database,8.4/10,8.4,"1,482,385",tt1853728,movie,16 Apr 2013,"$162,805,434",django_unchained_2012.mp4
WALL·E,2008,G,27 Jun 2008,98 min,"Animation, Adventure, Family",Andrew Stanton,"Andrew Stanton, Pete Docter, Jim Reardon","Ben Burtt, Elissa Knight, Jeff Garlin","In the distant future, a small waste-collecting robot inadvertently embarks on a space journey that will ultimately decide the fate of mankind.","English, Hindi",United States,Won 1 Oscar. 94 wins & 95 nominations total,https://m.media-amazon.com/images/M/MV5BMjExMTg5OTU0NF5BMl5BanBnXkFtZTcwMjMxMzMzMw@@._V1_SX300.jpg,Internet Movie Database,8.4/10,8.4,"1,076,317",tt0910970,movie,18 Nov 2008,"$223,808,164",walle_2008.mp4
The Lives of Others,2006,R,30 Mar 2007,137 min,"Drama, Mystery, Thriller",Florian Henckel von Donnersmarck,Florian Henckel von Donnersmarck,"Ulrich Mühe, Martina Gedeck, Sebastian Koch","In 1984 East Berlin, an agent of the secret police, conducting surveillance on a writer and his lover, finds himself becoming increasingly absorbed by their lives.",German,"Germany, France",Won 1 Oscar. 80 wins & 38 nominations total,https://m.media-amazon.com/images/M/MV5BOTQyZGFjNWMtYWFiYy00OWU1LTlhMjAtYTBiNmU5NjJiNTAzXkEyXkFqcGdeQXVyMTI3ODAyMzE2._V1_SX300.jpg,Internet Movie Database,8.4/10,8.4,"381,488",tt0405094,movie,21 Aug 2007,"$11,286,112",the_lives_of_others_2006.mp4
Sunset Blvd.,1950,Passed,04 Aug 1950,110 min,"Drama, Film-Noir",Billy Wilder,"Charles Brackett, Billy Wilder, D.M. Marshman Jr.","William Holden, Gloria Swanson, Erich von Stroheim",A screenwriter develops a dangerous relationship with a faded film star determined to make a triumphant return.,English,United States,Won 3 Oscars. 18 wins & 20 nominations total,https://m.media-amazon.com/images/M/MV5BMTU0NTkyNzYwMF5BMl5BanBnXkFtZTgwMDU0NDk5MTI@._V1_SX300.jpg,Internet Movie Database,8.4/10,8.4,"216,441",tt0043014,movie,11 Nov 2008,"$299,645",sunset_boulevard_1950.mp4
The Shining,1980,R,13 Jun 1980,146 min,"Drama, Horror",Stanley Kubrick,"Stephen King, Stanley Kubrick, Diane Johnson","Jack Nicholson, Shelley Duvall, Danny Lloyd","A family heads to an isolated hotel for the winter where a sinister presence influences the father into violence, while his psychic son sees horrific forebodings from both past and future.",English,"United Kingdom, United States",4 wins & 8 nominations,https://m.media-amazon.com/images/M/MV5BZWFlYmY2MGEtZjVkYS00YzU4LTg0YjQtYzY1ZGE3NTA5NGQxXkEyXkFqcGdeQXVyMTQxNzMzNDI@._V1_SX300.jpg,Internet Movie Database,8.4/10,8.4,"975,614",tt0081505,movie,23 Oct 2007,"$45,634,352",the_shining_1980.mp4
Paths of Glory,1957,Approved,25 Dec 1957,88 min,"Drama, War",Stanley Kubrick,"Stanley Kubrick, Calder Willingham, Jim Thompson","Kirk Douglas, Ralph Meeker, Adolphe Menjou","After refusing to attack an enemy position, a general accuses the soldiers of cowardice and their commanding officer must defend them.","English, German, Latin",United States,Nominated for 1 BAFTA Film Award7 wins & 4 nominations total,https://m.media-amazon.com/images/M/MV5BNjViMmRkOTEtM2ViOS00ODg0LWJhYWEtNTBlOGQxNDczOGY3XkEyXkFqcGdeQXVyMDI2NDg0NQ@@._V1_SX300.jpg,Internet Movie Database,8.4/10,8.4,"191,846",tt0050825,movie,01 May 2001,N/A,paths_of_glory_1957.mp4
The Great Dictator,1940,G,07 Mar 1941,125 min,"Comedy, Drama, War",Charles Chaplin,Charles Chaplin,"Charles Chaplin, Paulette Goddard, Jack Oakie",Dictator Adenoid Hynkel tries to expand his empire while a poor Jewish barber tries to avoid persecution from Hynkel's regime.,"English, Esperanto, Latin",United States,Nominated for 5 Oscars. 6 wins & 6 nominations total,https://m.media-amazon.com/images/M/MV5BMmExYWJjNTktNGUyZS00ODhmLTkxYzAtNWIzOGEyMGNiMmUwXkEyXkFqcGdeQXVyNjU0OTQ0OTY@._V1_SX300.jpg,Internet Movie Database,8.4/10,8.4,"218,926",tt0032553,movie,24 May 2011,N/A,the_great_dictator_1941.mp4
Avengers: Infinity War,2018,PG-13,27 Apr 2018,149 min,"Action, Adventure, Sci-Fi","Anthony Russo, Joe Russo","Christopher Markus, Stephen McFeely, Stan Lee","Robert Downey Jr., Chris Hemsworth, Mark Ruffalo",The Avengers and their allies must be willing to sacrifice all in an attempt to defeat the powerful Thanos before his blitz of devastation and ruin puts an end to the universe.,English,United States,Nominated for 1 Oscar. 46 wins & 79 nominations total,https://m.media-amazon.com/images/M/MV5BMjMxNjY2MDU1OV5BMl5BanBnXkFtZTgwNzY1MTUwNTM@._V1_SX300.jpg,Internet Movie Database,8.4/10,8.4,"995,851",tt4154756,movie,14 Aug 2018,"$678,815,482",avengers_ infinity_war_2018.mp4
Witness for the Prosecution,1957,Approved,06 Feb 1958,116 min,"Crime, Drama, Mystery",Billy Wilder,"Agatha Christie, Billy Wilder, Harry Kurnitz","Tyrone Power, Marlene Dietrich, Charles Laughton",A veteran British barrister must defend his client in a murder trial that has surprise after surprise.,"English, German",United States,Nominated for 6 Oscars. 4 wins & 16 nominations total,https://m.media-amazon.com/images/M/MV5BNDQwODU5OWYtNDcyNi00MDQ1LThiOGMtZDkwNWJiM2Y3MDg0XkEyXkFqcGdeQXVyMDI2NDg0NQ@@._V1_SX300.jpg,Internet Movie Database,8.4/10,8.4,"121,212",tt0051201,movie,N/A,N/A,witness_for_the_prosecution_1957.mp4
Aliens,1986,R,18 Jul 1986,137 min,"Action, Adventure, Sci-Fi",James Cameron,"James Cameron, David Giler, Walter Hill","Sigourney Weaver, Michael Biehn, Carrie Henn","Fifty-seven years after surviving an apocalyptic attack aboard her space vessel by merciless space creatures, Officer Ripley awakens from hyper-sleep and tries to warn anyone who will listen about the predators.",English,"United Kingdom, United States",Won 2 Oscars. 20 wins & 23 nominations total,https://m.media-amazon.com/images/M/MV5BZGU2OGY5ZTYtMWNhYy00NjZiLWI0NjUtZmNhY2JhNDRmODU3XkEyXkFqcGdeQXVyNzkwMjQ5NzM@._V1_SX300.jpg,Internet Movie Database,8.4/10,8.4,"695,705",tt0090605,movie,01 Jun 1999,"$85,160,248",aliens_1986.mp4
American Beauty,1999,R,01 Oct 1999,122 min,Drama,Sam Mendes,Alan Ball,"Kevin Spacey, Annette Bening, Thora Birch",A sexually frustrated suburban father has a mid-life crisis after becoming infatuated with his daughter's best friend.,English,United States,Won 5 Oscars. 111 wins & 102 nominations total,https://m.media-amazon.com/images/M/MV5BNTBmZWJkNjctNDhiNC00MGE2LWEwOTctZTk5OGVhMWMyNmVhXkEyXkFqcGdeQXVyMTMxODk2OTU@._V1_SX300.jpg,Internet Movie Database,8.4/10,8.4,"1,127,102",tt0169547,movie,02 Jan 2002,"$130,096,601",american_beauty_1999.mp4
The Dark Knight Rises,2012,PG-13,20 Jul 2012,164 min,"Action, Crime, Drama",Christopher Nolan,"Jonathan Nolan, Christopher Nolan, David S. Goyer","Christian Bale, Tom Hardy, Anne Hathaway","Eight years after the Joker's reign of anarchy, Batman, with the help of the enigmatic Catwoman, is forced from his exile to save Gotham City from the brutal guerrilla terrorist Bane.","English, Arabic","United States, United Kingdom",Nominated for 1 BAFTA Film Award39 wins & 103 nominations total,https://m.media-amazon.com/images/M/MV5BMTk4ODQzNDY3Ml5BMl5BanBnXkFtZTcwODA0NTM4Nw@@._V1_SX300.jpg,Internet Movie Database,8.4/10,8.4,"1,631,596",tt1345836,movie,04 Dec 2012,"$448,149,584",the_dark_knight_rises_2012.mp4
Dr. Strangelove or: How I Learned to Stop Worrying and Love the Bomb,1964,PG,29 Jan 1964,95 min,"Comedy, War",Stanley Kubrick,"Stanley Kubrick, Terry Southern, Peter George","Peter Sellers, George C. Scott, Sterling Hayden","An insane American general orders a bombing attack on the Soviet Union, triggering a path to nuclear holocaust that a war room full of politicians and generals frantically tries to stop.","English, Russian","United Kingdom, United States",Nominated for 4 Oscars. 14 wins & 11 nominations total,https://m.media-amazon.com/images/M/MV5BZWI3ZTMxNjctMjdlNS00NmUwLWFiM2YtZDUyY2I3N2MxYTE0XkEyXkFqcGdeQXVyNzkwMjQ5NzM@._V1_SX300.jpg,Internet Movie Database,8.4/10,8.4,"477,608",tt0057012,movie,21 Oct 2003,"$9,440,272",dr_strangelove_1964.mp4
Spider-Man: Into the Spider-Verse,2018,PG,14 Dec 2018,117 min,"Animation, Action, Adventure","Bob Persichetti, Peter Ramsey, Rodney Rothman","Phil Lord, Rodney Rothman","Shameik Moore, Jake Johnson, Hailee Steinfeld","Teen Miles Morales becomes the Spider-Man of his universe, and must join with five spider-powered individuals from other dimensions to stop a threat for all realities.","English, Spanish",United States,Won 1 Oscar. 82 wins & 57 nominations total,https://m.media-amazon.com/images/M/MV5BMjMwNDkxMTgzOF5BMl5BanBnXkFtZTgwNTkwNTQ3NjM@._V1_SX300.jpg,Internet Movie Database,8.4/10,8.4,"480,522",tt4633694,movie,19 Mar 2019,"$190,241,310",spider_man_into_the_spider_verse_2018.mp4
Joker,2019,R,04 Oct 2019,122 min,"Crime, Drama, Thriller",Todd Phillips,"Todd Phillips, Scott Silver, Bob Kane","Joaquin Phoenix, Robert De Niro, Zazie Beetz","In Gotham City, mentally troubled comedian Arthur Fleck is disregarded and mistreated by society. He then embarks on a downward spiral of revolution and bloody crime. This path brings him face-to-face with his alter-ego: the Joker.",English,"United States, Canada",Won 2 Oscars. 122 wins & 239 nominations total,https://m.media-amazon.com/images/M/MV5BNGVjNWI4ZGUtNzE0MS00YTJmLWE0ZDctN2ZiYTk2YmI3NTYyXkEyXkFqcGdeQXVyMTkxNjUyNQ@@._V1_SX300.jpg,Internet Movie Database,8.4/10,8.4,"1,160,925",tt7286456,movie,03 Oct 2019,"$335,477,657",joker_2019.mp4
Old Boy,2003,R,21 Nov 2003,120 min,"Action, Drama, Mystery",Park Chan-wook,"Garon Tsuchiya, Nobuaki Minegishi, Park Chan-wook","Choi Min-sik, Yoo Ji-Tae, Kang Hye-jeong","After being kidnapped and imprisoned for fifteen years, Oh Dae-Su is released, only to find that he must find his captor in five days.",Korean,South Korea,40 wins & 21 nominations,https://m.media-amazon.com/images/M/MV5BMTI3NTQyMzU5M15BMl5BanBnXkFtZTcwMTM2MjgyMQ@@._V1_SX300.jpg,Internet Movie Database,8.4/10,8.4,"558,021",tt0364569,movie,07 Aug 2008,"$707,481",oldboy_2003.mp4
Braveheart,1995,R,24 May 1995,178 min,"Biography, Drama, History",Mel Gibson,Randall Wallace,"Mel Gibson, Sophie Marceau, Patrick McGoohan",Scottish warrior William Wallace leads his countrymen in a rebellion to free his homeland from the tyranny of King Edward I of England.,"English, French, Latin, Gaelic, Italian",United States,Won 5 Oscars. 33 wins & 34 nominations total,https://m.media-amazon.com/images/M/MV5BMzkzMmU0YTYtOWM3My00YzBmLWI0YzctOGYyNTkwMWE5MTJkXkEyXkFqcGdeQXVyNzkwMjQ5NzM@._V1_SX300.jpg,Internet Movie Database,8.4/10,8.4,"1,011,563",tt0112573,movie,19 Sep 2006,"$75,609,945",braveheart_1995.mp4
Toy Story,1995,G,22 Nov 1995,81 min,"Animation, Adventure, Comedy",John Lasseter,"John Lasseter, Pete Docter, Andrew Stanton","Tom Hanks, Tim Allen, Don Rickles",A cowboy doll is profoundly threatened and jealous when a new spaceman figure supplants him as top toy in a boy's room.,English,United States,Won 1 Oscar. 27 wins & 23 nominations total,https://m.media-amazon.com/images/M/MV5BMDU2ZWJlMjktMTRhMy00ZTA5LWEzNDgtYmNmZTEwZTViZWJkXkEyXkFqcGdeQXVyNDQ2OTk4MzI@._V1_SX300.jpg,Internet Movie Database,8.3/10,8.3,"956,380",tt0114709,movie,23 Mar 2010,"$223,225,679",toy_story_1995.mp4
Amadeus,1984,PG,19 Sep 1984,160 min,"Biography, Drama, Music",Milos Forman,"Peter Shaffer, Zdenek Mahler","F. Murray Abraham, Tom Hulce, Elizabeth Berridge","The life, success and troubles of Wolfgang Amadeus Mozart, as told by Antonio Salieri, the contemporaneous composer who was insanely jealous of Mozart's talent and claimed to have murdered him.","English, Italian, Latin, German","United States, France",Won 8 Oscars. 43 wins & 15 nominations total,https://m.media-amazon.com/images/M/MV5BNWJlNzUzNGMtYTAwMS00ZjI2LWFmNWQtODcxNWUxODA5YmU1XkEyXkFqcGdeQXVyNTIzOTk5ODM@._V1_SX300.jpg,Internet Movie Database,8.4/10,8.4,"391,471",tt0086879,movie,24 Sep 2002,"$51,973,029",amadeus_1984.mp4
Coco,2017,PG,22 Nov 2017,105 min,"Animation, Adventure, Comedy","Lee Unkrich, Adrian Molina","Lee Unkrich, Jason Katz, Matthew Aldrich","Anthony Gonzalez, Gael García Bernal, Benjamin Bratt","Aspiring musician Miguel, confronted with his family's ancestral ban on music, enters the Land of the Dead to find his great-great-grandfather, a legendary singer.","English, Spanish",United States,Won 2 Oscars. 109 wins & 40 nominations total,https://m.media-amazon.com/images/M/MV5BYjQ5NjM0Y2YtNjZkNC00ZDhkLWJjMWItN2QyNzFkMDE3ZjAxXkEyXkFqcGdeQXVyODIxMzk5NjA@._V1_SX300.jpg,Internet Movie Database,8.4/10,8.4,"469,282",tt2380307,movie,13 Feb 2018,"$210,460,015",coco_2017.mp4
Spider-Man: No Way Home,2021,PG-13,17 Dec 2021,148 min,"Action, Adventure, Fantasy",Jon Watts,"Chris McKenna, Erik Sommers, Stan Lee","Tom Holland, Zendaya, Benedict Cumberbatch","With Spider-Man's identity now revealed, Peter asks Doctor Strange for help. When a spell goes wrong, dangerous foes from other worlds start to appear, forcing Peter to discover what it truly means to be Spider-Man.",English,United States,Nominated for 1 Oscar. 15 wins & 45 nominations total,https://m.media-amazon.com/images/M/MV5BZWMyYzFjYTYtNTRjYi00OGExLWE2YzgtOGRmYjAxZTU3NzBiXkEyXkFqcGdeQXVyMzQ0MzA0NTM@._V1_SX300.jpg,Internet Movie Database,8.5/10,8.5,"555,922",tt10872600,movie,N/A,"$800,588,139",spider_man_now_way_home_2021.mp4
Inglourious Basterds,2009,R,21 Aug 2009,153 min,"Adventure, Drama, War",Quentin Tarantino,Quentin Tarantino,"Brad Pitt, Diane Kruger, Eli Roth","In Nazi-occupied France during World War II, a plan to assassinate Nazi leaders by a group of Jewish U.S. soldiers coincides with a theatre owner's vengeful plans for the same.","English, German, French, Italian","Germany, United States",Won 1 Oscar. 133 wins & 172 nominations total,https://m.media-amazon.com/images/M/MV5BOTJiNDEzOWYtMTVjOC00ZjlmLWE0NGMtZmE1OWVmZDQ2OWJhXkEyXkFqcGdeQXVyNTIzOTk5ODM@._V1_SX300.jpg,Internet Movie Database,8.3/10,8.3,"1,382,836",tt0361748,movie,15 Dec 2009,"$120,540,719",inglourious_basterds_2009.mp4
The Boat,1981,R,10 Feb 1982,149 min,"Drama, War",Wolfgang Petersen,"Wolfgang Petersen, Lothar G. Buchheim","Jürgen Prochnow, Herbert Grönemeyer, Klaus Wennemann","The claustrophobic world of a WWII German U-boat; boredom, filth and sheer terror.",German,West Germany,Nominated for 6 Oscars. 13 wins & 11 nominations total,https://m.media-amazon.com/images/M/MV5BOGZhZDIzNWMtNjkxMS00MDQ1LThkMTYtZWQzYWU3MWMxMGU5XkEyXkFqcGdeQXVyNjc1NTYyMjg@._V1_SX300.jpg,Internet Movie Database,8.4/10,8.4,"245,669",tt0082096,movie,21 Oct 2003,"$11,487,676",the_boat_1981.mp4
Avengers: Endgame,2019,PG-13,26 Apr 2019,181 min,"Action, Adventure, Drama","Anthony Russo, Joe Russo","Christopher Markus, Stephen McFeely, Stan Lee","Robert Downey Jr., Chris Evans, Mark Ruffalo","After the devastating events of Avengers: Infinity War (2018), the universe is in ruins. With the help of remaining allies, the Avengers assemble once more in order to reverse Thanos' actions and restore balance to the universe.","English, Japanese, Xhosa, German",United States,Nominated for 1 Oscar. 70 wins & 132 nominations total,https://m.media-amazon.com/images/M/MV5BMTc5MDE2ODcwNV5BMl5BanBnXkFtZTgwMzI2NzQ2NzM@._V1_SX300.jpg,Internet Movie Database,8.4/10,8.4,"1,030,512",tt4154796,movie,30 Jul 2019,"$858,373,000",avengers_ endgame_2019.mp4
Princess Mononoke,1997,PG-13,19 Dec 1997,134 min,"Animation, Action, Adventure",Hayao Miyazaki,"Hayao Miyazaki, Neil Gaiman","Yôji Matsuda, Yuriko Ishida, Yûko Tanaka","On a journey to find the cure for a Tatarigami's curse, Ashitaka finds himself in the middle of a war between the forest gods and Tatara, a mining colony. In this quest he also meets San, the Mononoke Hime.",Japanese,Japan,14 wins & 7 nominations,https://m.media-amazon.com/images/M/MV5BNGIzY2IzODQtNThmMi00ZDE4LWI5YzAtNzNlZTM1ZjYyYjUyXkEyXkFqcGdeQXVyODEzNjM5OTQ@._V1_SX300.jpg,Internet Movie Database,8.4/10,8.4,"377,972",tt0119698,movie,20 Jul 2000,"$4,845,631",princess_mononoke_1997.mp4
Once Upon a Time in America,1984,R,01 Jun 1984,229 min,"Crime, Drama",Sergio Leone,"Harry Grey, Leonardo Benvenuti, Piero De Bernardi","Robert De Niro, James Woods, Elizabeth McGovern","A former Prohibition-era Jewish gangster returns to the Lower East Side of Manhattan 35 years later, where he must once again confront the ghosts and regrets of his old life.","English, Italian, French, Yiddish, Hebrew","Italy, United States",Won 2 BAFTA Film 12 wins & 12 nominations total,https://m.media-amazon.com/images/M/MV5BMGFkNWI4MTMtNGQ0OC00MWVmLTk3MTktOGYxN2Y2YWVkZWE2XkEyXkFqcGdeQXVyNjU0OTQ0OTY@._V1_SX300.jpg,Internet Movie Database,8.4/10,8.4,"340,403",tt0087843,movie,10 Jun 2003,"$5,321,508",once_upon_a_time_in_america_1984.mp4
Good Will Hunting,1997,R,09 Jan 1998,126 min,"Drama, Romance",Gus Van Sant,"Matt Damon, Ben Affleck","Robin Williams, Matt Damon, Ben Affleck","Will Hunting, a janitor at M.I.T., has a gift for mathematics, but needs help from a psychologist to find direction in his life.",English,United States,Won 2 Oscars. 24 wins & 61 nominations total,https://m.media-amazon.com/images/M/MV5BOTI0MzcxMTYtZDVkMy00NjY1LTgyMTYtZmUxN2M3NmQ2NWJhXkEyXkFqcGdeQXVyMTQxNzMzNDI@._V1_SX300.jpg,Internet Movie Database,8.3/10,8.3,"930,723",tt0119217,movie,08 Dec 1998,"$138,433,435",good_will_hunting_1997.mp4
Toy Story 3,2010,G,18 Jun 2010,103 min,"Animation, Adventure, Comedy",Lee Unkrich,"John Lasseter, Andrew Stanton, Lee Unkrich","Tom Hanks, Tim Allen, Joan Cusack","The toys are mistakenly delivered to a day-care center instead of the attic right before Andy leaves for college, and it's up to Woody to convince the other toys that they weren't abandoned and to return home.","English, Spanish",United States,Won 2 Oscars. 61 wins & 96 nominations total,https://m.media-amazon.com/images/M/MV5BMTgxOTY4Mjc0MF5BMl5BanBnXkFtZTcwNTA4MDQyMw@@._V1_SX300.jpg,Internet Movie Database,8.3/10,8.3,"808,201",tt0435761,movie,02 Nov 2010,"$415,004,880",toy_story_3_2010.mp4
Requiem for a Dream,2000,Unrated,15 Dec 2000,102 min,Drama,Darren Aronofsky,"Hubert Selby Jr., Darren Aronofsky","Ellen Burstyn, Jared Leto, Jennifer Connelly",The drug-induced utopias of four Coney Island people are shattered when their addictions run deep.,English,United States,Nominated for 1 Oscar. 37 wins & 70 nominations total,https://m.media-amazon.com/images/M/MV5BOTdiNzJlOWUtNWMwNS00NmFlLWI0YTEtZmI3YjIzZWUyY2Y3XkEyXkFqcGdeQXVyNjU0OTQ0OTY@._V1_SX300.jpg,Internet Movie Database,8.3/10,8.3,"815,870",tt0180093,movie,22 May 2001,"$3,635,482",requiem_for_a_dream_2000.mp4
3 Idiots,2009,PG-13,25 Dec 2009,170 min,"Comedy, Drama",Rajkumar Hirani,"Rajkumar Hirani, Abhijat Joshi, Vidhu Vinod Chopra","Aamir Khan, Madhavan, Mona Singh","Two friends are searching for their long lost companion. They revisit their college days and recall the memories of their friend who inspired them to think differently, even as the rest of the world called them ""idiots"".","Hindi, English",India,63 wins & 27 nominations,https://m.media-amazon.com/images/M/MV5BNTkyOGVjMGEtNmQzZi00NzFlLTlhOWQtODYyMDc2ZGJmYzFhXkEyXkFqcGdeQXVyNjU0OTQ0OTY@._V1_SX300.jpg,Internet Movie Database,8.5/10,8.5,"382,526",tt1187043,movie,N/A,"$6,532,874",3_idiots_2009.mp4
Your Name.,2016,TV-PG,07 Apr 2017,106 min,"Animation, Drama, Fantasy",Makoto Shinkai,"Makoto Shinkai, Clark Cheng","Ryûnosuke Kamiki, Mone Kamishiraishi, Ryô Narita","Two strangers find themselves linked in a bizarre way. When a connection forms, will distance be the only thing to keep them apart?",Japanese,Japan,16 wins & 26 nominations,https://m.media-amazon.com/images/M/MV5BODRmZDVmNzUtZDA4ZC00NjhkLWI2M2UtN2M0ZDIzNDcxYThjL2ltYWdlXkEyXkFqcGdeQXVyNTk0MzMzODA@._V1_SX300.jpg,Internet Movie Database,8.4/10,8.4,"244,366",tt5311514,movie,31 Jan 2018,"$5,017,246",your_name_2016.mp4
Singin' in the Rain,1952,G,11 Apr 1952,103 min,"Comedy, Musical, Romance","Stanley Donen, Gene Kelly","Betty Comden, Adolph Green","Gene Kelly, Donald O'Connor, Debbie Reynolds",A silent film star falls for a chorus girl just as he and his delusionally jealous screen partner are trying to make the difficult transition to talking pictures in 1920s Hollywood.,English,United States,Nominated for 2 Oscars. 7 wins & 9 nominations total,https://m.media-amazon.com/images/M/MV5BZDRjNGViMjQtOThlMi00MTA3LThkYzQtNzJkYjBkMGE0YzE1XkEyXkFqcGdeQXVyNDYyMDk5MTU@._V1_SX300.jpg,Internet Movie Database,8.3/10,8.3,"235,058",tt0045152,movie,24 Sep 2002,"$1,884,537",singin_in_the_rain_1952.mp4
Star Wars: Episode VI - Return of the Jedi,1983,PG,25 May 1983,131 min,"Action, Adventure, Fantasy",Richard Marquand,"Lawrence Kasdan, George Lucas","Mark Hamill, Harrison Ford, Carrie Fisher","After a daring mission to rescue Han Solo from Jabba the Hutt, the Rebels dispatch to Endor to destroy the second Death Star. Meanwhile, Luke struggles to help Darth Vader back from the dark side without falling into the Emperor's tr",English,United States,Won 1 Oscar. 23 wins & 20 nominations total,https://m.media-amazon.com/images/M/MV5BOWZlMjFiYzgtMTUzNC00Y2IzLTk1NTMtZmNhMTczNTk0ODk1XkEyXkFqcGdeQXVyNTAyODkwOQ@@._V1_SX300.jpg,Internet Movie Database,8.3/10,8.3,"1,014,703",tt0086190,movie,21 Sep 2004,"$309,306,177",star_wars_ return_of_the_jedi_1983.mp4
Reservoir Dogs,1992,R,02 Sep 1992,99 min,"Crime, Drama, Thriller",Quentin Tarantino,"Quentin Tarantino, Roger Avary","Harvey Keitel, Tim Roth, Michael Madsen","When a simple jewelry heist goes horribly wrong, the surviving criminals begin to suspect that one of them is a police informant.",English,United States,12 wins & 23 nominations,https://m.media-amazon.com/images/M/MV5BZmExNmEwYWItYmQzOS00YjA5LTk2MjktZjEyZDE1Y2QxNjA1XkEyXkFqcGdeQXVyMTQxNzMzNDI@._V1_SX300.jpg,Internet Movie Database,8.3/10,8.3,"984,539",tt0105236,movie,18 Mar 2003,"$2,832,029",reservoir_dogs_1992.mp4
Eternal Sunshine of the Spotless Mind,2004,R,19 Mar 2004,108 min,"Drama, Romance, Sci-Fi",Michel Gondry,"Charlie Kaufman, Michel Gondry, Pierre Bismuth","Jim Carrey, Kate Winslet, Tom Wilkinson","When their relationship turns sour, a couple undergoes a medical procedure to have each other erased from their memories.",English,United States,Won 1 Oscar. 73 wins & 111 nominations total,https://m.media-amazon.com/images/M/MV5BMTY4NzcwODg3Nl5BMl5BanBnXkFtZTcwNTEwOTMyMw@@._V1_SX300.jpg,Internet Movie Database,8.3/10,8.3,"972,641",tt0338013,movie,28 Sep 2004,"$34,400,301",eternal_sunshine_of_the_spotless_mind_2004.mp4
2001: A Space Odyssey,1968,G,24 Jun 1970,149 min,"Adventure, Sci-Fi",Stanley Kubrick,"Stanley Kubrick, Arthur C. Clarke","Keir Dullea, Gary Lockwood, William Sylvester","The Monoliths push humanity to reach for the stars; after their discovery in Africa generations ago, the mysterious objects lead mankind on an awesome journey to Jupiter, with the help of H.A.L. 9000: the world's greatest supercomput","English, Russian, French","United Kingdom, United States",Won 1 Oscar. 16 wins & 12 nominations total,https://m.media-amazon.com/images/M/MV5BMmNlYzRiNDctZWNhMi00MzI4LThkZTctMTUzMmZkMmFmNThmXkEyXkFqcGdeQXVyNzkwMjQ5NzM@._V1_SX300.jpg,Internet Movie Database,8.3/10,8.3,"647,441",tt0062622,movie,23 Oct 2007,"$60,481,243",2001_a_space_odyssey.mp4
High and Low,1963,Not Rated,26 Nov 1963,143 min,"Crime, Drama, Mystery",Akira Kurosawa,"Hideo Oguni, Ryûzô Kikushima, Eijirô Hisaita","Toshirô Mifune, Yutaka Sada, Tatsuya Nakadai",An executive of a Yokohama shoe company becomes a victim of extortion when his chauffeur's son is kidnapped by mistake and held for ransom.,Japanese,Japan,3 wins & 3 nominations,https://m.media-amazon.com/images/M/MV5BOTI4NTNhZDMtMWNkZi00MTRmLWJmZDQtMmJkMGVmZTEzODlhXkEyXkFqcGdeQXVyNjc1NTYyMjg@._V1_SX300.jpg,Internet Movie Database,8.4/10,8.4,"42,095",tt0057565,movie,22 Jul 2008,"$46,808",high_and_low_1963.mp4
Citizen Kane,1941,PG,05 Sep 1941,119 min,"Drama, Mystery",Orson Welles,"Herman J. Mankiewicz, Orson Welles, John Houseman","Orson Welles, Joseph Cotten, Dorothy Comingore","Following the death of publishing tycoon Charles Foster Kane, reporters scramble to uncover the meaning of his final utterance; 'Rosebud'.","English, Italian",United States,Won 1 Oscar. 11 wins & 13 nominations total,https://m.media-amazon.com/images/M/MV5BYjBiOTYxZWItMzdiZi00NjlkLWIzZTYtYmFhZjhiMTljOTdkXkEyXkFqcGdeQXVyNzkwMjQ5NzM@._V1_SX300.jpg,Internet Movie Database,8.3/10,8.3,"432,171",tt0033467,movie,23 Feb 2010,"$1,627,530",citizen_kane_1941.mp4
Lawrence of Arabia,1962,Approved,11 Dec 1962,218 min,"Adventure, Biography, Drama",David Lean,"Robert Bolt, Michael Wilson","Peter O'Toole, Alec Guinness, Anthony Quinn","The story of T.E. Lawrence, the English officer who successfully united and led the diverse, often warring, Arab tribes during World War I in order to fight the Turks.","English, Arabic, Turkish",United Kingdom,Won 7 Oscars. 31 wins & 15 nominations total,https://m.media-amazon.com/images/M/MV5BYWY5ZjhjNGYtZmI2Ny00ODM0LWFkNzgtZmI1YzA2N2MxMzA0XkEyXkFqcGdeQXVyNjUwNzk3NDc@._V1_SX300.jpg,Internet Movie Database,8.3/10,8.3,"285,993",tt0056172,movie,03 Apr 2001,"$45,306,425",lawrence_of_arabia_1962.mp4
Capernaum,2018,R,20 Sep 2018,126 min,Drama,Nadine Labaki,"Nadine Labaki, Jihad Hojeily, Michelle Keserwany","Zain Al Rafeea, Yordanos Shiferaw, Boluwatife Treasure Bankole","While serving a five-year sentence for a violent crime, a 12-year-old boy sues his parents for neglect.","Arabic, Amharic","Lebanon, France, Cyprus, Qatar, United Kingdom",Nominated for 1 Oscar. 35 wins & 53 nominations total,https://m.media-amazon.com/images/M/MV5BMmExNzU2ZWMtYzUwYi00YmM2LTkxZTQtNmVhNjY0NTMyMWI2XkEyXkFqcGdeQXVyMTMxODk2OTU@._V1_SX300.jpg,Internet Movie Database,8.4/10,8.4,"82,927",tt8267604,movie,26 Mar 2019,"$1,661,096",capernaum_2018.mp4
M,1931,Passed,31 Aug 1931,99 min,"Crime, Mystery, Thriller",Fritz Lang,"Thea von Harbou, Fritz Lang, Egon Jacobsohn","Peter Lorre, Ellen Widmann, Inge Landgut","When the police in a German city are unable to catch a child-murderer, other criminals join in the manhunt.",German,Germany,2 wins,https://m.media-amazon.com/images/M/MV5BODA4ODk3OTEzMF5BMl5BanBnXkFtZTgwMTQ2ODMwMzE@._V1_SX300.jpg,Internet Movie Database,8.3/10,8.3,"154,488",tt0022100,movie,N/A,"$35,566",m_1931.mp4
North by Northwest,1959,Approved,18 Dec 1959,136 min,"Adventure, Mystery, Thriller",Alfred Hitchcock,Ernest Lehman,"Cary Grant, Eva Marie Saint, James Mason","A New York City advertising executive goes on the run after being mistaken for a government agent by a group of foreign spies, and falls for a woman whose loyalties he begins to doubt.","English, French",United States,Nominated for 3 Oscars. 8 wins & 10 nominations total,https://m.media-amazon.com/images/M/MV5BZDA3NDExMTUtMDlhOC00MmQ5LWExZGUtYmI1NGVlZWI4OWNiXkEyXkFqcGdeQXVyNjc1NTYyMjg@._V1_SX300.jpg,Internet Movie Database,8.3/10,8.3,"320,051",tt0053125,movie,03 Nov 2009,"$66,728",north_by_northwest_1959.mp4
The Hunt,2012,R,10 Jan 2013,115 min,Drama,Thomas Vinterberg,"Tobias Lindholm, Thomas Vinterberg","Mads Mikkelsen, Thomas Bo Larsen, Annika Wedderkopp","A teacher lives a lonely life, all the while struggling over his son's custody. His life slowly gets better as he finds love and receives good news from his son, but his new luck is about to be brutally shattered by an innocent littl","Danish, English, Polish","Denmark, Sweden",Nominated for 1 Oscar. 38 wins & 73 nominations total,https://m.media-amazon.com/images/M/MV5BMTg2NDg3ODg4NF5BMl5BanBnXkFtZTcwNzk3NTc3Nw@@._V1_SX300.jpg,Internet Movie Database,8.3/10,8.3,"316,835",tt2106476,movie,12 Jul 2014,"$613,308",the_hunt_2012.mp4
Vertigo,1958,PG,22 May 1958,128 min,"Mystery, Romance, Thriller",Alfred Hitchcock,"Alec Coppel, Samuel A. Taylor, Pierre Boileau","James Stewart, Kim Novak, Barbara Bel Geddes","A former San Francisco police detective juggles wrestling with his personal demons and becoming obsessed with the hauntingly beautiful woman he has been hired to trail, who may be deeply disturbed.",English,United States,Nominated for 2 Oscars. 8 wins & 7 nominations total,https://m.media-amazon.com/images/M/MV5BYTE4ODEwZDUtNDFjOC00NjAxLWEzYTQtYTI1NGVmZmFlNjdiL2ltYWdlL2ltYWdlXkEyXkFqcGdeQXVyNjc1NTYyMjg@._V1_SX300.jpg,Internet Movie Database,8.3/10,8.3,"391,838",tt0052357,movie,25 Jan 2001,"$7,705,225",vertigo_1958.mp4
Amélie,2001,R,08 Feb 2002,122 min,"Comedy, Romance",Jean-Pierre Jeunet,"Guillaume Laurant, Jean-Pierre Jeunet","Audrey Tautou, Mathieu Kassovitz, Rufus","Amélie is an innocent and naive girl in Paris with her own sense of justice. She decides to help those around her and, along the way, discovers love.","French, Russian, English","France, Germany",Nominated for 5 Oscars. 59 wins & 74 nominations total,https://m.media-amazon.com/images/M/MV5BNDg4NjM1YjMtYmNhZC00MjM0LWFiZmYtNGY1YjA3MzZmODc5XkEyXkFqcGdeQXVyNDk3NzU2MTQ@._V1_SX300.jpg,Internet Movie Database,8.3/10,8.3,"739,731",tt0211915,movie,16 Jul 2002,"$33,225,499",amelie_2001.mp4
